Workbook

Sheet Model Data
A1: Rider | B1: Number | C1: Nationality | D1: Manufacturer | E1: Races | F1: Wins | G1: Podiums | H1: Top 5 | I1: GP Points from JSON | J1: Avg Finish | K1: Recent Avg Finish | L1: Finish StdDev | M1: Smoothed Win % | N1: Smoothed Podium % | O1: Smoothed Top 5 % | P1: Shortened Race % | Q1: Normalized Pace Delta
A2: Jorge MARTIN | B2: 89 | C2: SPA | D2: APRILIA | E2: 16 | F2: 1 | G2: 9 | H2: 14 | I2: 355 | J2: 4.3125 | K2: 2.3333333 | L2: 4.0112147 | M2: 0.11111111 | N2: 0.55555556 | O2: 0.83333333 | P2: 0.055555556 | Q2: -0.005192163
A3: Marc MARQUEZ | B3: 93 | C3: SPA | D3: DUCATI | E3: 15 | F3: 6 | G3: 6 | H3: 9 | I3: 353 | J3: 6.1333333 | K3: 4 | L3: 6.8494931 | M3: 0.41176471 | N3: 0.41176471 | O3: 0.58823529 | P3: 0.17647059 | Q3: -0.0036992724
A4: Marco BEZZECCHI | B4: 72 | C4: ITA | D4: APRILIA | E4: 14 | F4: 5 | G4: 11 | H4: 12 | I4: 309 | J4: 4.8571429 | K4: 2.3333333 | L4: 6.685348 | M4: 0.375 | N4: 0.75 | O4: 0.8125 | P4: 0.1875 | Q4: -0.001221222
A5: Ai OGURA | B5: 79 | C5: JPN | D5: APRILIA | E5: 15 | F5: 1 | G5: 4 | H5: 11 | I5: 259 | J5: 6.0666667 | K5: 4.6666667 | L5: 5.2340764 | M5: 0.11764706 | N5: 0.29411765 | O5: 0.70588235 | P5: 0.17647059 | Q5: -0.0054780543
A6: Pedro ACOSTA | B6: 37 | C6: SPA | D6: KTM | E6: 17 | F6: 1 | G6: 6 | H6: 10 | I6: 258 | J6: 6.9411765 | K6: 4.3333333 | L6: 5.8558225 | M6: 0.10526316 | N6: 0.36842105 | O6: 0.57894737 | P6: 0.21052632 | Q6: -0.0050154455
A7: Fabio DI GIANNANTONIO | B7: 49 | C7: ITA | D7: DUCATI | E7: 17 | F7: 1 | G7: 3 | H7: 8 | I7: 245 | J7: 7.1176471 | K7: 11.666667 | L7: 5.0279496 | M7: 0.10526316 | N7: 0.21052632 | O7: 0.47368421 | P7: 0.10526316 | Q7: -0.0038273952
A8: Raul FERNANDEZ | B8: 25 | C8: SPA | D8: APRILIA | E8: 16 | F8: 1 | G8: 5 | H8: 6 | I8: 236 | J8: 7.3125 | K8: 6.3333333 | L8: 5.0586405 | M8: 0.11111111 | N8: 0.33333333 | O8: 0.38888889 | P8: 0.11111111 | Q8: -0.0032264265
A9: Alex MARQUEZ | B9: 73 | C9: SPA | D9: DUCATI | E9: 13 | F9: 1 | G9: 2 | H9: 5 | I9: 172 | J9: 10.692308 | K9: 16.666667 | L9: 8.0420493 | M9: 0.13333333 | N9: 0.2 | O9: 0.4 | P9: 0.4 | Q9: -0.0016310609
A10: Francesco BAGNAIA | B10: 63 | C10: ITA | D10: DUCATI | E10: 17 | F10: 0 | G10: 3 | H10: 4 | I10: 166 | J10: 12.058824 | K10: 11.333333 | L10: 6.8896392 | M10: 0.052631579 | N10: 0.21052632 | O10: 0.26315789 | P10: 0.47368421 | Q10: -0.0016977575
A11: Fermin ALDEGUER | B11: 54 | C11: SPA | D11: DUCATI | E11: 12 | F11: 0 | G11: 1 | H11: 2 | I11: 125 | J11: 8.5833333 | K11: 12.666667 | L11: 4.348531 | M11: 0.071428571 | N11: 0.14285714 | O11: 0.21428571 | P11: 0.14285714 | Q11: 0.0020342614
A12: Enea BASTIANINI | B12: 23 | C12: ITA | D12: KTM | E12: 16 | F12: 0 | G12: 0 | H12: 1 | I12: 122 | J12: 10.25 | K12: 8.3333333 | L12: 4.6165463 | M12: 0.055555556 | N12: 0.055555556 | O12: 0.11111111 | P12: 0.16666667 | Q12: -0.0013490487
A13: Luca MARINI | B13: 10 | C13: ITA | D13: HONDA | E13: 17 | F13: 0 | G13: 0 | H13: 1 | I13: 108 | J13: 10.176471 | K13: 12 | L13: 2.4310563 | M13: 0.052631579 | N13: 0.052631579 | O13: 0.10526316 | P13: 0.052631579 | Q13: 0.00020900761
... A32: Lorenzo SAVADORI | B32: 32 | C32: ITA | D32: APRILIA | E32: 2 | F32: 0 | G32: 0 | H32: 0 | I32: 0 | J32: 19.5 | K32: 19.5 | L32: 2.5 | M32: 0.25 | N32: 0.25 | O32: 0.25 | P32: 0.5 | Q32: 0.0062037844

Sheet Probabilistic Charts
A1: MotoGP Model Estimates
A2: Editable model controls
A3: Control | B3: Value | C3: Explanation
A4: Season-history weight | B4: 0.4 | C4: Weight on full-season empirical rates
A5: Recent-form weight | B5: 0.4 | C5: Weight on last N race finishing form
A6: Pace weight | B6: 0.2 | C6: Weight on normalized median-lap pace
A7: Recent window | B7: 3 | C7: Number of latest entries already reflected in Model Data
A8: Probability temperature | B8: 8 | C8: Higher values make title estimates less concentrated
A9: Remaining rounds | B9: 4 | C9: Used in projected final points
A10: Max points per weekend | B10: 37 | C10: 25 GP plus 12 Sprint
A11: Rider adjustments and calculated estimates
A12: Rider | B12: Official Current Points | C12: Form Adjustment | D12: Participating | E12: Historical Win % | F12: Recent Form Score | G12: Pace Score | H12: Adjusted Win % | I12: Podium % | J12: Top 5 % | K12: Expected GP Points | L12: Projected Final Points | M12: Title Probability Estimate
A13: Jorge MARTIN | B13: 355 | C13: 1 | D13: TRUE | E13: ='Model Data'!M2 -> 0.11111111 | F13: =MAX(0,1-('Model Data'!K2-1)/MAX(1,MAX('Model Data'!$K$2:$K$32)-1)) -> 0.92982456 | G13: =IFERROR(1/(1+EXP(40*'Model Data'!Q2)),0.5) -> 0.5517358 | H13: =IF(D13,MIN(0.95,MAX(0.001,C13*($B$4*E13+$B$5*F13+$B$6*G13))),0) -> 0.52672143 | I13: ='Model Data'!N2 -> 0.55555556 | J13: ='Model Data'!O2 -> 0.83333333 | K13: =IF(D13,AVERAGE('Model Data'!I2/'Model Data'!E2,SUMPRODUCT(E13,25,H13,25)),0) -> 29.382689 | L13: =B13+$B$8*K13 -> 590.06151 | M13: =EXP(L13/$B$7)/SUMPRODUCT(EXP($L$13:$L$43/$B$7)) -> 1.5579254e-64
A14: Marco BEZZECCHI | B14: 309 | C14: 1 | D14: TRUE | E14: ='Model Data'!M3 -> 0.41176471 | F14: =MAX(0,1-('Model Data'!K3-1)/MAX(1,MAX('Model Data'!$K$2:$K$32)-1)) -> 0.84210526 | G14: =IFERROR(1/(1+EXP(40*'Model Data'!Q3)),0.5) -> 0.53692537 | H14: =IF(D14,MIN(0.95,MAX(0.001,C14*($B$4*E14+$B$5*F14+$B$6*G14))),0) -> 0.60893306 | I14: ='Model Data'!N3 -> 0.41176471 | J14: ='Model Data'!O3 -> 0.58823529 | K14: =IF(D14,AVERAGE('Model Data'!I3/'Model Data'!E3,SUMPRODUCT(E14,25,H14,25)),0) -> 90.122024 | L14: =B14+$B$8*K14 -> 1029.9762 | M14: =EXP(L14/$B$7)/SUMPRODUCT(EXP($L$13:$L$43/$B$7)) -> 0.75286979
A15: Marc MARQUEZ | B15: 353 | C15: 1 | D15: TRUE | E15: ='Model Data'!M4 -> 0.375 | F15: =MAX(0,1-('Model Data'!K4-1)/MAX(1,MAX('Model Data'!$K$2:$K$32)-1)) -> 0.92982456 | G15: =IFERROR(1/(1+EXP(40*'Model Data'!Q4)),0.5) -> 0.51220979 | H15: =IF(D15,MIN(0.95,MAX(0.001,C15*($B$4*E15+$B$5*F15+$B$6*G15))),0) -> 0.62437178 | I15: ='Model Data'!N4 -> 0.75 | J15: ='Model Data'!O4 -> 0.8125 | K15: =IF(D15,AVERAGE('Model Data'!I4/'Model Data'!E4,SUMPRODUCT(E15,25,H15,25)),0) -> 84.204283 | L15: =B15+$B$8*K15 -> 1026.6343 | M15: =EXP(L15/$B$7)/SUMPRODUCT(EXP($L$13:$L$43/$B$7)) -> 0.24713021
A16: Pedro ACOSTA | B16: 258 | C16: 1 | D16: TRUE | E16: ='Model Data'!M5 -> 0.11764706 | F16: =MAX(0,1-('Model Data'!K5-1)/MAX(1,MAX('Model Data'!$K$2:$K$32)-1)) -> 0.80701754 | G16: =IFERROR(1/(1+EXP(40*'Model Data'!Q5)),0.5) -> 0.5545624 | H16: =IF(D16,MIN(0.95,MAX(0.001,C16*($B$4*E16+$B$5*F16+$B$6*G16))),0) -> 0.48077832 | I16: ='Model Data'!N5 -> 0.29411765 | J16: ='Model Data'!O5 -> 0.70588235 | K16: =IF(D16,AVERAGE('Model Data'!I5/'Model Data'!E5,SUMPRODUCT(E16,25,H16,25)),0) -> 26.309007 | L16: =B16+$B$8*K16 -> 468.47206 | M16: =EXP(L16/$B$7)/SUMPRODUCT(EXP($L$13:$L$43/$B$7)) -> 3.8964629e-82
A17: Ai OGURA | B17: 259 | C17: 1 | D17: TRUE | E17: ='Model Data'!M6 -> 0.10526316 | F17: =MAX(0,1-('Model Data'!K6-1)/MAX(1,MAX('Model Data'!$K$2:$K$32)-1)) -> 0.8245614 | G17: =IFERROR(1/(1+EXP(40*'Model Data'!Q6)),0.5) -> 0.54998691 | H17: =IF(D17,MIN(0.95,MAX(0.001,C17*($B$4*E17+$B$5*F17+$B$6*G17))),0) -> 0.48192721 | I17: ='Model Data'!N6 -> 0.36842105 | J17: ='Model Data'!O6 -> 0.57894737 | K17: =IF(D17,AVERAGE('Model Data'!I6/'Model Data'!E6,SUMPRODUCT(E17,25,H17,25)),0) -> 23.441104 | L17: =B17+$B$8*K17 -> 446.52883 | M17: =EXP(L17/$B$7)/SUMPRODUCT(EXP($L$13:$L$43/$B$7)) -> 2.594559e-85
A18: Fabio DI GIANNANTONIO | B18: 245 | C18: 1 | D18: TRUE | E18: ='Model Data'!M7 -> 0.10526316 | F18: =MAX(0,1-('Model Data'!K7-1)/MAX(1,MAX('Model Data'!$K$2:$K$32)-1)) -> 0.43859649 | G18: =IFERROR(1/(1+EXP(40*'Model Data'!Q7)),0.5) -> 0.53819937 | H18: =IF(D18,MIN(0.95,MAX(0.001,C18*($B$4*E18+$B$5*F18+$B$6*G18))),0) -> 0.32518373 | I18: ='Model Data'!N7 -> 0.21052632 | J18: ='Model Data'!O7 -> 0.47368421 | K18: =IF(D18,AVERAGE('Model Data'!I7/'Model Data'!E7,SUMPRODUCT(E18,25,H18,25)),0) -> 17.902716 | L18: =B18+$B$8*K18 -> 388.22173 | M18: =EXP(L18/$B$7)/SUMPRODUCT(EXP($L$13:$L$43/$B$7)) -> 9.402545e-94
A19: Raul FERNANDEZ | B19: 236 | C19: 1 | D19: TRUE | E19: ='Model Data'!M8 -> 0.11111111 | F19: =MAX(0,1-('Model Data'!K8-1)/MAX(1,MAX('Model Data'!$K$2:$K$32)-1)) -> 0.71929825 | G19: =IFERROR(1/(1+EXP(40*'Model Data'!Q8)),0.5) -> 0.53221956 | H19: =IF(D19,MIN(0.95,MAX(0.001,C19*($B$4*E19+$B$5*F19+$B$6*G19))),0) -> 0.43860765 | I19: ='Model Data'!N8 -> 0.33333333 | J19: ='Model Data'!O8 -> 0.38888889 | K19: =IF(D19,AVERAGE('Model Data'!I8/'Model Data'!E8,SUMPRODUCT(E19,25,H19,25)),0) -> 22.604432 | L19: =B19+$B$8*K19 -> 416.83546 | M19: =EXP(L19/$B$7)/SUMPRODUCT(EXP($L$13:$L$43/$B$7)) -> 1.304691e-89
A20: Alex MARQUEZ | B20: 172 | C20: 1 | D20: TRUE | E20: ='Model Data'!M9 -> 0.13333333 | F20: =MAX(0,1-('Model Data'!K9-1)/MAX(1,MAX('Model Data'!$K$2:$K$32)-1)) -> 0.1754386 | G20: =IFERROR(1/(1+EXP(40*'Model Data'!Q9)),0.5) -> 0.51630483 | H20: =IF(D20,MIN(0.95,MAX(0.001,C20*($B$4*E20+$B$5*F20+$B$6*G20))),0) -> 0.22676974 | I20: ='Model Data'!N9 -> 0.2 | J20: ='Model Data'!O9 -> 0.4 | K20: =IF(D20,AVERAGE('Model Data'!I9/'Model Data'!E9,SUMPRODUCT(E20,25,H20,25)),0) -> 16.064124 | L20: =B20+$B$8*K20 -> 300.51299 | M20: =EXP(L20/$B$7)/SUMPRODUCT(EXP($L$13:$L$43/$B$7)) -> 1.8884494e-106
A21: Enea BASTIANINI | B21: 122 | C21: 1 | D21: TRUE | E21: ='Model Data'!M10 -> 0.052631579 | F21: =MAX(0,1-('Model Data'!K10-1)/MAX(1,MAX('Model Data'!$K$2:$K$32)-1)) -> 0.45614035 | G21: =IFERROR(1/(1+EXP(40*'Model Data'!Q10)),0.5) -> 0.51697105 | H21: =IF(D21,MIN(0.95,MAX(0.001,C21*($B$4*E21+$B$5*F21+$B$6*G21))),0) -> 0.30690298 | I21: ='Model Data'!N10 -> 0.21052632 | J21: ='Model Data'!O10 -> 0.26315789 | K21: =IF(D21,AVERAGE('Model Data'!I10/'Model Data'!E10,SUMPRODUCT(E21,25,H21,25)),0) -> 9.9300994 | L21: =B21+$B$8*K21 -> 201.44079 | M21: =EXP(L21/$B$7)/SUMPRODUCT(EXP($L$13:$L$43/$B$7)) -> 8.5888743e-121
A22: Francesco BAGNAIA | B22: 166 | C22: 1 | D22: TRUE | E22: ='Model Data'!M11 -> 0.071428571 | F22: =MAX(0,1-('Model Data'!K11-1)/MAX(1,MAX('Model Data'!$K$2:$K$32)-1)) -> 0.38596491 | G22: =IFERROR(1/(1+EXP(40*'Model Data'!Q11)),0.5) -> 0.4796686 | H22: =IF(D22,MIN(0.95,MAX(0.001,C22*($B$4*E22+$B$5*F22+$B$6*G22))),0) -> 0.27889111 | I22: ='Model Data'!N11 -> 0.14285714 | J22: ='Model Data'!O11 -> 0.21428571 | K22: =IF(D22,AVERAGE('Model Data'!I11/'Model Data'!E11,SUMPRODUCT(E22,25,H22,25)),0) -> 11.433581 | L22: =B22+$B$8*K22 -> 257.46865 | M22: =EXP(L22/$B$7)/SUMPRODUCT(EXP($L$13:$L$43/$B$7)) -> 1.1086621e-112
A23: Luca MARINI | B23: 108 | C23: 1 | D23: TRUE | E23: ='Model Data'!M12 -> 0.055555556 | F23: =MAX(0,1-('Model Data'!K12-1)/MAX(1,MAX('Model Data'!$K$2:$K$32)-1)) -> 0.61403509 | G23: =IFERROR(1/(1+EXP(40*'Model Data'!Q12)),0.5) -> 0.51348721 | H23: =IF(D23,MIN(0.95,MAX(0.001,C23*($B$4*E23+$B$5*F23+$B$6*G23))),0) -> 0.3705337 | I23: ='Model Data'!N12 -> 0.055555556 | J23: ='Model Data'!O12 -> 0.11111111 | K23: =IF(D23,AVERAGE('Model Data'!I12/'Model Data'!E12,SUMPRODUCT(E23,25,H23,25)),0) -> 10.245377 | L23: =B23+$B$8*K23 -> 189.96301 | M23: =EXP(L23/$B$7)/SUMPRODUCT(EXP($L$13:$L$43/$B$7)) -> 1.8722216e-122
A24: Fermin ALDEGUER | B24: 125 | C24: 1 | D24: TRUE | E24: ='Model Data'!M13 -> 0.052631579 | F24: =MAX(0,1-('Model Data'!K13-1)/MAX(1,MAX('Model Data'!$K$2:$K$32)-1)) -> 0.42105263 | G24: =IFERROR(1/(1+EXP(40*'Model Data'!Q13)),0.5) -> 0.49790994 | H24: =IF(D24,MIN(0.95,MAX(0.001,C24*($B$4*E24+$B$5*F24+$B$6*G24))),0) -> 0.28905567 | I24: ='Model Data'!N13 -> 0.052631579 | J24: ='Model Data'!O13 -> 0.10526316 | K24: =IF(D24,AVERAGE('Model Data'!I13/'Model Data'!E13,SUMPRODUCT(E24,25,H24,25)),0) -> 7.9306757 | L24: =B24+$B$8*K24 -> 188.44541 | M24: =EXP(L24/$B$7)/SUMPRODUCT(EXP($L$13:$L$43/$B$7)) -> 1.1289143e-122
... A43: Lorenzo SAVADORI | B43: 0 | C43: 1 | D43: TRUE | E43: ='Model Data'!M32 -> 0.25 | F43: =MAX(0,1-('Model Data'!K32-1)/MAX(1,MAX('Model Data'!$K$2:$K$32)-1)) -> 0.026315789 | G43: =IFERROR(1/(1+EXP(40*'Model Data'!Q32)),0.5) -> 0.43827856 | H43: =IF(D43,MIN(0.95,MAX(0.001,C43*($B$4*E43+$B$5*F43+$B$6*G43))),0) -> 0.19818203 | I43: ='Model Data'!N32 -> 0.25 | J43: ='Model Data'!O32 -> 0.25 | K43: =IF(D43,AVERAGE('Model Data'!I32/'Model Data'!E32,SUMPRODUCT(E43,25,H43,25)),0) -> 15.482971 | L43: =B43+$B$8*K43 -> 123.86377 | M43: =EXP(L43/$B$7)/SUMPRODUCT(EXP($L$13:$L$43/$B$7)) -> 5.0525575e-132
A46: Methodology note:
A47: These are model estimates from historical GP classifications, recent finishing form, and normalized lap pace. Official Current Points is editable because the JSON files do not contain Sprint classifications. The title probability estimate is a softmax heuristic over projected final points, not betting odds or an official forecast.

Sheet Championship Solver
A1: Editable Championship Scenario Solver
A2: Points tables | E2: Scenario inputs | H2: Next GP win condition
A3: Position | B3: GP Points | C3: Sprint Points | E3: Input | F3: Value | H3: Rival GP Finish | I3: Rival GP Points | J3: Net GP Gain vs Target Win | K3: Closes Current Gap?
A4: 1 | B4: 25 | C4: 12 | E4: Target rider | F4: Marc MARQUEZ
A5: 2 | B5: 20 | C5: 9 | E5: Target current points | F5: 353 | H5: 1 | I5: =IFERROR(VLOOKUP(H5,$A$4:$C$25,2,FALSE),0) -> 25 | J5: =25-I5 -> 0 | K5: =IF(J5>=$F$7-$F$5,"YES","NO") -> NO
A6: 3 | B6: 16 | C6: 7 | E6: Primary rival | F6: Jorge MARTIN | H6: 2 | I6: =IFERROR(VLOOKUP(H6,$A$4:$C$25,2,FALSE),0) -> 20 | J6: =25-I6 -> 5 | K6: =IF(J6>=$F$7-$F$5,"YES","NO") -> YES
A7: 4 | B7: 13 | C7: 6 | E7: Rival current points | F7: 355 | H7: 3 | I7: =IFERROR(VLOOKUP(H7,$A$4:$C$25,2,FALSE),0) -> 16 | J7: =25-I7 -> 9 | K7: =IF(J7>=$F$7-$F$5,"YES","NO") -> YES
A8: 5 | B8: 11 | C8: 5 | E8: Remaining rounds including scenario | F8: 4 | H8: 4 | I8: =IFERROR(VLOOKUP(H8,$A$4:$C$25,2,FALSE),0) -> 13 | J8: =25-I8 -> 12 | K8: =IF(J8>=$F$7-$F$5,"YES","NO") -> YES
A9: 6 | B9: 10 | C9: 4 | E9: Target next GP finish | F9: 1 | H9: 5 | I9: =IFERROR(VLOOKUP(H9,$A$4:$C$25,2,FALSE),0) -> 11 | J9: =25-I9 -> 14 | K9: =IF(J9>=$F$7-$F$5,"YES","NO") -> YES
A10: 7 | B10: 9 | C10: 3 | E10: Target next Sprint finish | F10: 1 | H10: 6 | I10: =IFERROR(VLOOKUP(H10,$A$4:$C$25,2,FALSE),0) -> 10 | J10: =25-I10 -> 15 | K10: =IF(J10>=$F$7-$F$5,"YES","NO") -> YES
A11: 8 | B11: 8 | C11: 2 | E11: Rival next GP finish | F11: 2 | H11: 7 | I11: =IFERROR(VLOOKUP(H11,$A$4:$C$25,2,FALSE),0) -> 9 | J11: =25-I11 -> 16 | K11: =IF(J11>=$F$7-$F$5,"YES","NO") -> YES
A12: 9 | B12: 7 | C12: 1 | E12: Rival next Sprint finish | F12: 2 | H12: 8 | I12: =IFERROR(VLOOKUP(H12,$A$4:$C$25,2,FALSE),0) -> 8 | J12: =25-I12 -> 17 | K12: =IF(J12>=$F$7-$F$5,"YES","NO") -> YES
A13: 10 | B13: 6 | C13: 0 | H13: 9 | I13: =IFERROR(VLOOKUP(H13,$A$4:$C$25,2,FALSE),0) -> 7 | J13: =25-I13 -> 18 | K13: =IF(J13>=$F$7-$F$5,"YES","NO") -> YES
A14: 11 | B14: 5 | C14: 0 | E14: Scenario outputs | H14: 10 | I14: =IFERROR(VLOOKUP(H14,$A$4:$C$25,2,FALSE),0) -> 6 | J14: =25-I14 -> 19 | K14: =IF(J14>=$F$7-$F$5,"YES","NO") -> YES
A15: 12 | B15: 4 | C15: 0 | E15: Target GP points | F15: =IFERROR(VLOOKUP(F9,$A$4:$C$25,2,FALSE),0) -> 25 | H15: 11 | I15: =IFERROR(VLOOKUP(H15,$A$4:$C$25,2,FALSE),0) -> 5 | J15: =25-I15 -> 20 | K15: =IF(J15>=$F$7-$F$5,"YES","NO") -> YES
A16: 13 | B16: 3 | C16: 0 | E16: Target Sprint points | F16: =IFERROR(VLOOKUP(F10,$A$4:$C$25,3,FALSE),0) -> 12 | H16: 12 | I16: =IFERROR(VLOOKUP(H16,$A$4:$C$25,2,FALSE),0) -> 4 | J16: =25-I16 -> 21 | K16: =IF(J16>=$F$7-$F$5,"YES","NO") -> YES
A17: 14 | B17: 2 | C17: 0 | E17: Rival GP points | F17: =IFERROR(VLOOKUP(F11,$A$4:$C$25,2,FALSE),0) -> 20 | H17: 13 | I17: =IFERROR(VLOOKUP(H17,$A$4:$C$25,2,FALSE),0) -> 3 | J17: =25-I17 -> 22 | K17: =IF(J17>=$F$7-$F$5,"YES","NO") -> YES
A18: 15 | B18: 1 | C18: 0 | E18: Rival Sprint points | F18: =IFERROR(VLOOKUP(F12,$A$4:$C$25,3,FALSE),0) -> 9 | H18: 14 | I18: =IFERROR(VLOOKUP(H18,$A$4:$C$25,2,FALSE),0) -> 2 | J18: =25-I18 -> 23 | K18: =IF(J18>=$F$7-$F$5,"YES","NO") -> YES
A19: 16 | B19: 0 | C19: 0 | E19: Target points after scenario | F19: =F5+F15+F16 -> 390 | H19: 15 | I19: =IFERROR(VLOOKUP(H19,$A$4:$C$25,2,FALSE),0) -> 1 | J19: =25-I19 -> 24 | K19: =IF(J19>=$F$7-$F$5,"YES","NO") -> YES
A20: 17 | B20: 0 | C20: 0 | E20: Rival points after scenario | F20: =F7+F17+F18 -> 384 | H20: 16 | I20: =IFERROR(VLOOKUP(H20,$A$4:$C$25,2,FALSE),0) -> 0 | J20: =25-I20 -> 25 | K20: =IF(J20>=$F$7-$F$5,"YES","NO") -> YES
A21: 18 | B21: 0 | C21: 0 | E21: Gap after scenario | F21: =F19-F20 -> 6 | H21: 17 | I21: =IFERROR(VLOOKUP(H21,$A$4:$C$25,2,FALSE),0) -> 0 | J21: =25-I21 -> 25 | K21: =IF(J21>=$F$7-$F$5,"YES","NO") -> YES
A22: 19 | B22: 0 | C22: 0 | E22: Rounds remaining afterward | F22: =MAX(0,F8-1) -> 3 | H22: 18 | I22: =IFERROR(VLOOKUP(H22,$A$4:$C$25,2,FALSE),0) -> 0 | J22: =25-I22 -> 25 | K22: =IF(J22>=$F$7-$F$5,"YES","NO") -> YES
A23: 20 | B23: 0 | C23: 0 | E23: Maximum points still available | F23: =F22*37 -> 111 | H23: 19 | I23: =IFERROR(VLOOKUP(H23,$A$4:$C$25,2,FALSE),0) -> 0 | J23: =25-I23 -> 25 | K23: =IF(J23>=$F$7-$F$5,"YES","NO") -> YES
A24: 21 | B24: 0 | C24: 0 | E24: Target mathematically alive? | F24: =IF(F19+F23>=F20,"YES","NO") -> YES | H24: 20 | I24: =IFERROR(VLOOKUP(H24,$A$4:$C$25,2,FALSE),0) -> 0 | J24: =25-I24 -> 25 | K24: =IF(J24>=$F$7-$F$5,"YES","NO") -> YES
A25: 22 | B25: 0 | C25: 0 | E25: Rival mathematically alive? | F25: =IF(F20+F23>=F19,"YES","NO") -> YES | H25: 21 | I25: =IFERROR(VLOOKUP(H25,$A$4:$C$25,2,FALSE),0) -> 0 | J25: =25-I25 -> 25 | K25: =IF(J25>=$F$7-$F$5,"YES","NO") -> YES
E26: Required net gain per remaining round | F26: =IF(F22=0,0,MAX(0,F20-F19+1)/F22) -> 0 | H26: 22 | I26: =IFERROR(VLOOKUP(H26,$A$4:$C$25,2,FALSE),0) -> 0 | J26: =25-I26 -> 25 | K26: =IF(J26>=$F$7-$F$5,"YES","NO") -> YES
E29: Use Official Current Points for championship-accurate scenarios. The historical points derived from the JSON files include Sunday GP classifications only; Sprint results must be included manually in the current-points cells.
