Workbook

Sheet Marco Bezzecchi
A1: Marco BEZZECCHI #72 - Position 1
A3: Team | B3: Aprilia Racing | C3: Manufacturer | D3: APRILIA | E3: Total Laps | F3: 27 | G3: Valid Laps | H3: 26
A5: Lap | B5: Lap Time | C5: Lap Seconds | D5: T1 | E5: T2 | F5: T3 | G5: T4 | H5: Speed km/h | I5: Cumulative Seconds
A6: 1 | B6: 1:34.554 | C6: 94.554 | D6: 29.024 | E6: 18.764 | F6: 19.477 | G6: 27.289 | H6: 252.9 | I6: 94.554
A7: 2 | B7: 1:30.770 | C7: 90.77 | D7: 25.377 | E7: 18.654 | F7: 19.571 | G7: 27.168 | H7: 312.1 | I7: 185.324
A8: 3 | B8: 1:30.402 | C8: 90.402 | D8: 25.313 | E8: 18.579 | F8: 19.264 | G8: 27.246 | H8: 310.3 | I8: 275.726
A9: 4 | B9: 1:30.367 | C9: 90.367 | D9: 25.191 | E9: 18.654 | F9: 19.313 | G9: 27.209 | H9: 313.9 | I9: 366.093
A10: 5 | B10: 1:30.087 | C10: 90.087 | D10: 25.146 | E10: 18.546 | F10: 19.201 | G10: 27.194 | H10: 314.8 | I10: 456.18
A11: 6 | B11: 1:30.380 | C11: 90.38 | D11: 25.246 | E11: 18.635 | F11: 19.241 | G11: 27.258 | H11: 311.2 | I11: 546.56
A12: 7 | B12: 1:30.190 | C12: 90.19 | D12: 25.088 | E12: 18.509 | F12: 19.321 | G12: 27.272 | H12: 313.9 | I12: 636.75
A13: 8 | B13: 1:30.132 | C13: 90.132 | D13: 25.142 | E13: 18.612 | F13: 19.287 | G13: 27.091 | H13: 314.8 | I13: 726.882
A14: 9 | B14: 1:30.192 | C14: 90.192 | D14: 25.109 | E14: 18.621 | F14: 19.259 | G14: 27.203 | H14: 313.9 | I14: 817.074
A15: 10 | B15: 1:30.310 | C15: 90.31 | D15: 25.221 | E15: 18.594 | F15: 19.232 | G15: 27.263 | H15: 310.3 | I15: 907.384
A16: 11 | B16: 1:29.991 | C16: 89.991 | D16: 25.035 | E16: 18.595 | F16: 19.178 | G16: 27.183 | H16: 313.9 | I16: 997.375
A17: 12 | B17: 1:30.110 | C17: 90.11 | D17: 25.092 | E17: 18.565 | F17: 19.281 | G17: 27.172 | H17: 312.1 | I17: 1087.485
... A32: 27 | B32: 1:31.494 | C32: 91.494 | D32: 25.319 | E32: 18.838 | F32: 19.54 | G32: 27.797 | H32: 313 | I32: 2446.582

Sheet Raul Fernandez
A1: Raul FERNANDEZ #25 - Position 2
A3: Team | B3: SuperFile Trackhouse MotoGP Team | C3: Manufacturer | D3: APRILIA | E3: Total Laps | F3: 27 | G3: Valid Laps | H3: 26
A5: Lap | B5: Lap Time | C5: Lap Seconds | D5: T1 | E5: T2 | F5: T3 | G5: T4 | H5: Speed km/h | I5: Cumulative Seconds
A6: 1 | B6: 1:34.004 | C6: 94.004 | D6: 28.682 | E6: 18.654 | F6: 19.393 | G6: 27.275 | H6: 252.3 | I6: 94.004
A7: 2 | B7: 1:30.421 | C7: 90.421 | D7: 25.259 | E7: 18.545 | F7: 19.328 | G7: 27.289 | H7: 306.8 | I7: 184.425
A8: 3 | B8: 1:30.586 | C8: 90.586 | D8: 25.284 | E8: 18.685 | F8: 19.204 | G8: 27.413 | H8: 308.5 | I8: 275.011
A9: 4 | B9: 1:30.335 | C9: 90.335 | D9: 25.2 | E9: 18.574 | F9: 19.275 | G9: 27.286 | H9: 308.5 | I9: 365.346
A10: 5 | B10: 1:30.027 | C10: 90.027 | D10: 25.132 | E10: 18.545 | F10: 19.218 | G10: 27.132 | H10: 307.6 | I10: 455.373
A11: 6 | B11: 1:30.355 | C11: 90.355 | D11: 25.223 | E11: 18.62 | F11: 19.285 | G11: 27.227 | H11: 306.8 | I11: 545.728
A12: 7 | B12: 1:30.548 | C12: 90.548 | D12: 25.32 | E12: 18.589 | F12: 19.32 | G12: 27.319 | H12: 307.6 | I12: 636.276
A13: 8 | B13: 1:30.071 | C13: 90.071 | D13: 25.189 | E13: 18.528 | F13: 19.203 | G13: 27.151 | H13: 308.5 | I13: 726.347
A14: 9 | B14: 1:30.274 | C14: 90.274 | D14: 25.264 | E14: 18.545 | F14: 19.234 | G14: 27.231 | H14: 307.6 | I14: 816.621
A15: 10 | B15: 1:30.242 | C15: 90.242 | D15: 25.154 | E15: 18.525 | F15: 19.266 | G15: 27.297 | H15: 306.8 | I15: 906.863
A16: 11 | B16: 1:30.075 | C16: 90.075 | D16: 25.051 | E16: 18.637 | F16: 19.186 | G16: 27.201 | H16: 308.5 | I16: 996.938
A17: 12 | B17: 1:30.088 | C17: 90.088 | D17: 25.167 | E17: 18.522 | F17: 19.184 | G17: 27.215 | H17: 307.6 | I17: 1087.026
... A32: 27 | B32: 1:32.424 | C32: 92.424 | D32: 25.477 | E32: 18.993 | F32: 19.551 | G32: 28.403 | H32: 307.6 | I32: 2450.842

Sheet Jorge Martin
A1: Jorge MARTIN #89 - Position 3
A3: Team | B3: Aprilia Racing | C3: Manufacturer | D3: APRILIA | E3: Total Laps | F3: 27 | G3: Valid Laps | H3: 26
A5: Lap | B5: Lap Time | C5: Lap Seconds | D5: T1 | E5: T2 | F5: T3 | G5: T4 | H5: Speed km/h | I5: Cumulative Seconds
A6: 1 | B6: 1:35.908 | C6: 95.908 | D6: 29.637 | E6: 19.113 | F6: 19.518 | G6: 27.64 | H6: 261.5 | I6: 95.908
A7: 2 | B7: 1:30.973 | C7: 90.973 | D7: 25.647 | E7: 18.571 | F7: 19.391 | G7: 27.364 | H7: 294.2 | I7: 186.881
A8: 3 | B8: 1:30.372 | C8: 90.372 | D8: 25.195 | E8: 18.472 | F8: 19.413 | G8: 27.292 | H8: 313.9 | I8: 277.253
A9: 4 | B9: 1:30.436 | C9: 90.436 | D9: 25.183 | E9: 18.696 | F9: 19.294 | G9: 27.263 | H9: 313.9 | I9: 367.689
A10: 5 | B10: 1:30.275 | C10: 90.275 | D10: 25.271 | E10: 18.52 | F10: 19.252 | G10: 27.232 | H10: 313.9 | I10: 457.964
A11: 6 | B11: 1:30.144 | C11: 90.144 | D11: 25.097 | E11: 18.453 | F11: 19.383 | G11: 27.211 | H11: 313 | I11: 548.108
A12: 7 | B12: 1:30.231 | C12: 90.231 | D12: 25.061 | E12: 18.485 | F12: 19.273 | G12: 27.412 | H12: 314.8 | I12: 638.339
A13: 8 | B13: 1:30.458 | C13: 90.458 | D13: 25.208 | E13: 18.579 | F13: 19.3 | G13: 27.371 | H13: 313 | I13: 728.797
A14: 9 | B14: 1:30.323 | C14: 90.323 | D14: 25.217 | E14: 18.493 | F14: 19.385 | G14: 27.228 | H14: 312.1 | I14: 819.12
A15: 10 | B15: 1:30.212 | C15: 90.212 | D15: 25.139 | E15: 18.523 | F15: 19.24 | G15: 27.31 | H15: 313.9 | I15: 909.332
A16: 11 | B16: 1:30.308 | C16: 90.308 | D16: 25.136 | E16: 18.521 | F16: 19.297 | G16: 27.354 | H16: 313.9 | I16: 999.64
A17: 12 | B17: 1:30.347 | C17: 90.347 | D17: 25.157 | E17: 18.555 | F17: 19.302 | G17: 27.333 | H17: 312.1 | I17: 1089.987
... A32: 27 | B32: 1:32.963 | C32: 92.963 | D32: 25.566 | E32: 19.132 | F32: 19.738 | G32: 28.527 | H32: 314.8 | I32: 2453.472

Sheet Race Data
A1: Rider | B1: Number | C1: Position | D1: Lap | E1: Lap Time | F1: Lap Seconds | G1: T1 | H1: T2 | I1: T3 | J1: T4 | K1: Speed km/h | L1: Cumulative Seconds
A2: Marco BEZZECCHI | B2: 72 | C2: 1 | D2: 1 | E2: 1:34.554 | F2: 94.554 | G2: 29.024 | H2: 18.764 | I2: 19.477 | J2: 27.289 | K2: 252.9 | L2: 94.554
A3: Marco BEZZECCHI | B3: 72 | C3: 1 | D3: 2 | E3: 1:30.770 | F3: 90.77 | G3: 25.377 | H3: 18.654 | I3: 19.571 | J3: 27.168 | K3: 312.1 | L3: 185.324
A4: Marco BEZZECCHI | B4: 72 | C4: 1 | D4: 3 | E4: 1:30.402 | F4: 90.402 | G4: 25.313 | H4: 18.579 | I4: 19.264 | J4: 27.246 | K4: 310.3 | L4: 275.726
A5: Marco BEZZECCHI | B5: 72 | C5: 1 | D5: 4 | E5: 1:30.367 | F5: 90.367 | G5: 25.191 | H5: 18.654 | I5: 19.313 | J5: 27.209 | K5: 313.9 | L5: 366.093
A6: Marco BEZZECCHI | B6: 72 | C6: 1 | D6: 5 | E6: 1:30.087 | F6: 90.087 | G6: 25.146 | H6: 18.546 | I6: 19.201 | J6: 27.194 | K6: 314.8 | L6: 456.18
A7: Marco BEZZECCHI | B7: 72 | C7: 1 | D7: 6 | E7: 1:30.380 | F7: 90.38 | G7: 25.246 | H7: 18.635 | I7: 19.241 | J7: 27.258 | K7: 311.2 | L7: 546.56
A8: Marco BEZZECCHI | B8: 72 | C8: 1 | D8: 7 | E8: 1:30.190 | F8: 90.19 | G8: 25.088 | H8: 18.509 | I8: 19.321 | J8: 27.272 | K8: 313.9 | L8: 636.75
A9: Marco BEZZECCHI | B9: 72 | C9: 1 | D9: 8 | E9: 1:30.132 | F9: 90.132 | G9: 25.142 | H9: 18.612 | I9: 19.287 | J9: 27.091 | K9: 314.8 | L9: 726.882
A10: Marco BEZZECCHI | B10: 72 | C10: 1 | D10: 9 | E10: 1:30.192 | F10: 90.192 | G10: 25.109 | H10: 18.621 | I10: 19.259 | J10: 27.203 | K10: 313.9 | L10: 817.074
A11: Marco BEZZECCHI | B11: 72 | C11: 1 | D11: 10 | E11: 1:30.310 | F11: 90.31 | G11: 25.221 | H11: 18.594 | I11: 19.232 | J11: 27.263 | K11: 310.3 | L11: 907.384
A12: Marco BEZZECCHI | B12: 72 | C12: 1 | D12: 11 | E12: 1:29.991 | F12: 89.991 | G12: 25.035 | H12: 18.595 | I12: 19.178 | J12: 27.183 | K12: 313.9 | L12: 997.375
A13: Marco BEZZECCHI | B13: 72 | C13: 1 | D13: 12 | E13: 1:30.110 | F13: 90.11 | G13: 25.092 | H13: 18.565 | I13: 19.281 | J13: 27.172 | K13: 312.1 | L13: 1087.485
... A82: Jorge MARTIN | B82: 89 | C82: 3 | D82: 27 | E82: 1:32.963 | F82: 92.963 | G82: 25.566 | H82: 19.132 | I82: 19.738 | J82: 28.527 | K82: 314.8 | L82: 2453.472

Sheet Race Progress
A1: MotoGP POC - Rider Lap Pace
A3: Show | B3: Rider | C3: Color | E3: Lap | F3: Marco BEZZECCHI | G3: Raul FERNANDEZ | H3: Jorge MARTIN
A4: TRUE | B4: Marco BEZZECCHI | C4: #0070C0
A5: TRUE | B5: Raul FERNANDEZ | C5: #C00000 | E5: 1 | F5: =IF($A$4,'Marco Bezzecchi'!C6,NA()) -> 0 | G5: =IF($A$5,'Raul Fernandez'!C6,NA()) -> 0 | H5: =IF($A$6,'Jorge Martin'!C6,NA()) -> 0
A6: TRUE | B6: Jorge MARTIN | C6: #00A651 | E6: 2 | F6: =IF($A$4,'Marco Bezzecchi'!C7,NA()) -> 0 | G6: =IF($A$5,'Raul Fernandez'!C7,NA()) -> 0 | H6: =IF($A$6,'Jorge Martin'!C7,NA()) -> 0
E7: 3 | F7: =IF($A$4,'Marco Bezzecchi'!C8,NA()) -> 0 | G7: =IF($A$5,'Raul Fernandez'!C8,NA()) -> 0 | H7: =IF($A$6,'Jorge Martin'!C8,NA()) -> 0
E8: 4 | F8: =IF($A$4,'Marco Bezzecchi'!C9,NA()) -> 0 | G8: =IF($A$5,'Raul Fernandez'!C9,NA()) -> 0 | H8: =IF($A$6,'Jorge Martin'!C9,NA()) -> 0
E9: 5 | F9: =IF($A$4,'Marco Bezzecchi'!C10,NA()) -> 0 | G9: =IF($A$5,'Raul Fernandez'!C10,NA()) -> 0 | H9: =IF($A$6,'Jorge Martin'!C10,NA()) -> 0
E10: 6 | F10: =IF($A$4,'Marco Bezzecchi'!C11,NA()) -> 0 | G10: =IF($A$5,'Raul Fernandez'!C11,NA()) -> 0 | H10: =IF($A$6,'Jorge Martin'!C11,NA()) -> 0
E11: 7 | F11: =IF($A$4,'Marco Bezzecchi'!C12,NA()) -> 0 | G11: =IF($A$5,'Raul Fernandez'!C12,NA()) -> 0 | H11: =IF($A$6,'Jorge Martin'!C12,NA()) -> 0
E12: 8 | F12: =IF($A$4,'Marco Bezzecchi'!C13,NA()) -> 0 | G12: =IF($A$5,'Raul Fernandez'!C13,NA()) -> 0 | H12: =IF($A$6,'Jorge Martin'!C13,NA()) -> 0
E13: 9 | F13: =IF($A$4,'Marco Bezzecchi'!C14,NA()) -> 0 | G13: =IF($A$5,'Raul Fernandez'!C14,NA()) -> 0 | H13: =IF($A$6,'Jorge Martin'!C14,NA()) -> 0
E14: 10 | F14: =IF($A$4,'Marco Bezzecchi'!C15,NA()) -> 0 | G14: =IF($A$5,'Raul Fernandez'!C15,NA()) -> 0 | H14: =IF($A$6,'Jorge Martin'!C15,NA()) -> 0
E15: 11 | F15: =IF($A$4,'Marco Bezzecchi'!C16,NA()) -> 0 | G15: =IF($A$5,'Raul Fernandez'!C16,NA()) -> 0 | H15: =IF($A$6,'Jorge Martin'!C16,NA()) -> 0
E16: 12 | F16: =IF($A$4,'Marco Bezzecchi'!C17,NA()) -> 0 | G16: =IF($A$5,'Raul Fernandez'!C17,NA()) -> 0 | H16: =IF($A$6,'Jorge Martin'!C17,NA()) -> 0
E17: 13 | F17: =IF($A$4,'Marco Bezzecchi'!C18,NA()) -> 0 | G17: =IF($A$5,'Raul Fernandez'!C18,NA()) -> 0 | H17: =IF($A$6,'Jorge Martin'!C18,NA()) -> 0
E18: 14 | F18: =IF($A$4,'Marco Bezzecchi'!C19,NA()) -> 0 | G18: =IF($A$5,'Raul Fernandez'!C19,NA()) -> 0 | H18: =IF($A$6,'Jorge Martin'!C19,NA()) -> 0
... E31: 27 | F31: =IF($A$4,'Marco Bezzecchi'!C32,NA()) -> 0 | G31: =IF($A$5,'Raul Fernandez'!C32,NA()) -> 0 | H31: =IF($A$6,'Jorge Martin'!C32,NA()) -> 0
